filename,display_title,description,date_created
CAR.png,Chevrolet,,12/19/2025
eepy toot brus.png,tooty booty,,1/3/2026
probbly you.png,Broke,,1/29/2026
Standwhich.png,?????? ??,,2/1/2026
sun slave.png,???????????,,1/30/2026
???.png,I blep the Draw,,1/23/2026
?????.png,?????,,12/12/2025
?.png,?,,11/24/2025
????????.jpg,?????? ???,,11/8/2025
untitled.png,untitled,,11/7/2025
?? ? ??????.png,?? ? ??????,,11/6/2025
????? ??? ?????? ??.png,????? ???,,10/24/2025
??? ? ???.png,????,,10/14/2025
Starry.jpg,starry on excel,,2/22/2025
2-.jpg,??????,,3/7/2025
Untitled.jpg,???????????,,3/16/2025
Untitled.jpg,???? ?????? ????? ???,,3/21/2025
kobry.jpg,????? ??? ????? ?? ?? ?? ???? ?????? ??????,,4/21/2025
APPLAUSE.png,??? ????? ???? ????? ??? ????? ?????,,5/16/2025
titledun.png,mspaint,,5/18/2025
??? ???? ?? ???? ????? ????? ???? ???????.jpg,???? ????? ?? ????,,5/24/2025
?????????.jpg,???? ????,,5/30/2025
??? ???? ????? ????? ?? ?? ??? ? ??? ????? am.png,???? ??? ???,,8/14/2025
????????????????????????????????????????????????.png,??? ??? ??? ???,,8/22/2025
??? ???? ??? ???? ????? ???? ?? ????? ??????? ??? ????.png,???? ????,,8/28/2025
???????.png,?????,,10/6/2025
???????????.jpg,????????,,10/9/2025
